Compound,Label,struct_file_path,gii,est_hubbard_u,est_charge_trans,ewald_energy_per_atom,avg_dev_Electronegativity,range_MendeleevNumber,avg_dev_CovalentRadius,avg_mm_dists,avg_mx_dists,avg_xx_dists
Ba(FeSb3)4,0,../data/Structures/Metals/BaFe4Sb12_CollCode_658735.cif,0.0,21.12932166920234,19.46106196342392,-12.91661291276676,0.1694117647058822,76,8.608996539792379,4.600999999999999,2.596480907703347,3.266718179541014
Ba(NiP)2,0,../data/Structures/Metals/BaNi2P2_SD_1701656.cif,1.080041591093993,11.85875477339099,35.44597865713376,-29.02209433589018,0.3711999999999999,74,31.84,2.790950465343303,2.259574040690855,3.631725330434588
Ba(PIr)2,0,../data/Structures/Metals/BaIr2P2_CollCode_95757.cif,3.015801564237094,5.839285270292515,34.04218043452284,-27.92934325318761,0.4176000000000001,74,29.11999999999999,2.790243358562117,2.355169279810553,3.75437164279331
Ba(PRh)2,0,../data/Structures/Metals/BaRh2P2_CollCode_50188.cif,1.337935330383644,7.81011416008486,33.19556035328613,-28.03065346789841,0.4304,74,28.96,2.78529361109381,2.346291033226901,3.757077606075612
Ba(Sb3Os)4,0,../data/Structures/Metals/BaOs4Sb12_CollCode_658736.cif,1.037038073744051,12.91656316916488,10.4253549725155,-12.72576788257812,0.1325951557093424,76,8.276816608996548,4.670000000000001,2.635419656373534,3.315708302207463
Ba(Sb3Ru)4,0,../data/Structures/Metals/BaRu4Sb12_CollCode_42963.cif,0.0,65.25621638510873,17.08603811642785,0.0,0.1325951557093424,76,8.636678200692044,4.652999999999999,2.626258388340231,3.30079798933075
BaMoO3,0,../data/Structures/Metals/BaMoO3_CollCode_291573.cif,0.3210071807459313,10.52340939721885,11.9464264123988,-35.28749841042394,0.9191999999999998,78,56.88,4.04077,2.020385,2.857255868215166
BaNiS2,0,../data/Structures/Metals/BaNiS2_CollCode_246945.cif,0.1957017790631787,13.23526472670633,21.61243444720867,-18.40107193975965,0.5900000000000001,79,38.875,3.806513621624892,2.337490755495602,3.568373102479395
BaOsO3,0,../data/Structures/Metals/BaOsO3_SD_0375565.cif,0.8171846173316653,8.412244219112715,3.591514787961472,-32.60682171646735,0.9096,78,54.48,2.5770006,2.105553029860124,2.978994304753126
Bi2Ru2O7,0,../data/Structures/Metals/Bi2Ru2O7_CollCode_73787.cif,0.2773862431811103,10.04325483835744,11.8761415231632,-39.92200523511411,0.6155371900826446,31,37.48760330578512,3.639266470732804,1.938742147447927,3.077187149494123
Ca(FeSb3)4,0,../data/Structures/Metals/CaFe4Sb12_CollCode_42961.cif,0.0,20.06934853521019,19.45931016366834,0.0,0.1602768166089964,78,4.290657439446369,4.576999999999999,2.559796370146955,3.484248573975886
Ca3Ru2O7,0,../data/Structures/Metals/Ca3Ru2O7_CollCode_153769.cif,0.1172117020542854,10.2702011478472,8.827433771370696,-33.81068315280351,0.9527777777777778,80,47.63888888888889,3.86070417488832,1.992857194308603,2.968528985412509
CaCrO3,0,../data/Structures/Metals/CaCrO3_CollCode_245840.cif,0.3348212323138412,16.45916859480443,7.076892085042886,-37.76524178764701,1.0128,80,43.92,3.749097130512239,1.907718178268321,2.813988826840875
CaMoO3,0,../data/Structures/Metals/CaMoO3_CollCode_172790.cif,0.1792270013389161,10.39234438970874,12.7152703522196,-36.11938691374243,0.8927999999999999,80,47.52,3.897426856211053,2.004815359867996,2.925036916340864
CaRhO3,0,../data/Structures/Metals/CaRhO3_RoomT_CollCode_164775.cif,0.2924968188936675,17.24345497415469,11.70196161966729,-36.65399538609821,0.8640000000000001,80,44.64,3.833216399891208,1.998916389574679,2.892125903119839
Ce(FeSb3)4,0,../data/Structures/Metals/CeFe4Sb12_CollCode_621065.cif,0.0,19.39168406104434,19.45936050540637,-90.57137933165134,0.150311418685121,70,7.391003460207621,4.567499999999998,2.554159722066144,3.477261372650268
Ce(P3Os)4,0,../data/Structures/Metals/CeOs4P12_CollCode_621731.cif,0.513903266780535,63.10803810185299,-4.067214432558274,-94.59786903732116,0.1187543252595156,68,20.34602076124568,4.031300000000001,2.347379985790839,2.895560926475399
Ce(Sb3Ru)4,0,../data/Structures/Metals/CeRu4Sb12_CollCode_621988.cif,0.1000498921074412,65.30183763773918,10.44131863706948,-87.4913037104172,0.1071280276816611,70,7.72318339100346,4.632849999999999,2.614389131739644,3.537041847073688
CrO2,0,../data/Structures/Metals/CrO2_CollCode_202836.cif,0.4612328134588247,16.05337114461261,8.232910724439432,-48.44477648911419,0.7911111111111113,38,32.44444444444444,3.390842593115297,1.904648240662049,2.773999034220097
Dy(CoSi)2,0,../data/Structures/Metals/DyCo2Si2_SD_0311337.cif,0.0,11.17385474300496,16.99590070920861,-49.73709238414783,0.2144000000000001,47,23.51999999999999,2.747109844909737,2.319310989841595,2.33952
Dy(NiP)2,0,../data/Structures/Metals/DyNi2P2_SD_0459404.cif,0.4686402033191228,11.73795344775955,39.89219567029328,-49.05064734885099,0.2656,52,24.48000000000001,2.727098723002158,2.314954786484825,2.112874000000001
Dy(SiNi)2,0,../data/Structures/Metals/DyNi2Si2_CollCode_198757.cif,0.0,11.43581668347166,16.84336397883618,0.0,0.2191999999999999,47,23.84,2.784586504312624,2.341829685424625,2.230488
Er(CoSi)2,0,../data/Structures/Metals/ErCo2Si2_SD_0548635.cif,0.0,11.17115489996762,16.99780289471939,-50.39395832013682,0.2079999999999998,43,22.56,2.745695631347364,2.293060676394107,2.44025
Er(SiNi)2,0,../data/Structures/Metals/ErNi2Si2_CollCode_245051.cif,0.0,11.38941216353107,16.99438387872253,0.0,0.2128,43,22.88000000000001,2.788192748896675,2.30186866028717,2.395293
Eu(FeP3)4,0,../data/Structures/Metals/EuFe4P12_CollCode_79925.cif,0.2078656139255903,12.35030324287264,19.76010747556753,-99.24952217323883,0.2030449826989618,58,15.86159169550173,3.902749999999999,2.25508782091519,2.820194765102451
Eu(FeSb3)4,0,../data/Structures/Metals/EuFe4Sb12_SD_1121243.cif,0.0,19.3411428971889,19.45829725525834,-89.95278552042961,0.1449134948096885,60,6.726643598615908,4.58625,2.565642600069712,3.491325530224272
Eu(P3Ru)4,0,../data/Structures/Metals/EuRu4P12_CollCode_631497.cif,0.2704255602338838,64.82826480610899,-11.80432880281877,-94.85669961200723,0.1115570934256055,58,20.5121107266436,4.020299999999999,2.340974811320148,2.887659958998101
Gd(FeP3)4,0,../data/Structures/Metals/GdFe4P12_CollCode_92390.cif,0.2250751351476792,12.33393897902086,19.78828856168074,-99.74642438310991,0.2017993079584775,56,15.69550173010381,3.897449999999999,2.248610584867677,2.821841801269367
Gd(P3Ru)4,0,../data/Structures/Metals/GdRu4P12_SD_1638959.cif,0.2845177068105731,64.8268833592535,-10.25041185482419,-96.53882992422858,0.1098961937716262,56,20.34602076124568,4.018749999999998,2.318583602895108,2.824777284799952
Gd(SiNi)2,0,../data/Structures/Metals/GdNi2Si2_SD_0301524.cif,0.0,11.8976741137979,16.95715704021907,-47.55799255786822,0.2255999999999999,51,25.11999999999999,2.812163668778899,2.380844872620012,2.159882
Ho(SiNi)2,0,../data/Structures/Metals/HoNi2Si2_CollCode_56232.cif,0.0,11.40994744980559,16.84303825673762,0.0,0.2159999999999999,45,23.84,2.776808329719572,2.372017570676912,2.09132
IrO2,0,../data/Structures/Metals/IrO2_CollCode_84577.cif,0.3380906197485121,12.89925466126084,14.86591932986387,-46.55493901665557,0.551111111111111,27,33.33333333333334,3.511471405934071,1.986010854739812,2.878784051328927
La(As3Os)4,0,../data/Structures/Metals/LaOs4As12_CollCode_610776.cif,0.8999143497145728,63.30917705443777,10.6117814297242,-93.69511574735621,0.1201384083044985,71,15.61245674740485,4.27185,2.427689009980539,3.26997384045863
La(As3Ru)4,0,../data/Structures/Metals/LaRu4As12_CollCode_610778.cif,0.0,65.0250726954314,17.04576707439455,-94.0871593435299,0.1201384083044985,71,16.27681660899654,4.254049999999999,2.41757328391861,3.256348471037849
La(FeAs3)4,0,../data/Structures/Metals/LaFe4As12_CollCode_23080.cif,0.0,15.69917204430411,19.45896468545904,0.0,0.2059515570934255,71,11.62629757785467,4.162599999999999,2.365092193602798,3.186250195579645
La(FeP3)4,0,../data/Structures/Metals/LaFe4P12_CollCode_1286.cif,0.0,12.34477734248228,19.7016608834317,0.0,0.2101038062283735,70,16.60899653979239,3.915799999999999,2.259187476756869,2.828390008689569
La(FeSb3)4,0,../data/Structures/Metals/LaFe4Sb12_CollCode_53490.cif,0.0,20.26216745736381,19.46644201559148,0.0,0.1519723183391003,72,7.723183391003452,4.569749999999999,2.553940316629567,3.477682855081687
La(P3Ru)4,0,../data/Structures/Metals/LaRu4P12_CollCode_50596.cif,0.0,64.8292650172124,-12.04952515337625,0.0,0.1209688581314873,70,21.25951557093426,4.030500000000001,2.362500876696695,2.884204003336412
La(Sb3Ru)4,0,../data/Structures/Metals/LaRu4Sb12_CollCode_641783.cif,0.09499945299997932,65.30327939590074,10.45353179922867,-81.30090231391414,0.1093425605536332,72,7.972318339100349,4.634999999999999,2.715809420228157,3.24969807810591
LaCuO3,0,../data/Structures/Metals/LaCuO3_CollCode_73554.cif,0.1749018800161469,16.81871161335582,8.357028110579,-33.19633440063043,0.9311999999999999,74,49.68,3.870573596309008,1.952442824031506,2.944153343033403
LaNiO3,0,../data/Structures/Metals/LaNiO3_CollCode_67714.cif,0.3816256872193092,15.97487891136364,10.54882687841495,-33.53280898116362,0.9288000000000001,74,47.76000000000001,3.831608843988819,1.932730134141798,2.914259428010967
LaRuO3,0,../data/Structures/Metals/LaRuO3_CollCode_75569.cif,0.02049311326754948,12.89182972726099,14.90462245861747,-32.52500261587704,0.8591999999999999,74,53.04000000000001,3.957937347764426,2.03054170657612,2.977909774574842
LiTi2O4,0,../data/Structures/Metals/LiTi2O4_CollCode_51184.cif,0.3087679259453534,31.60241352104443,13.71425218019586,-30.22045695893457,1.022040816326531,86,40.81632653061224,3.347797036837584,1.997245185390597,2.794197248977747
MoO2,0,../data/Structures/Metals/MoO2_CollCode_80830.cif,0.3227881231463773,8.963666347215746,13.60238430793532,-45.10745176135564,0.5688888888888889,37,39.11111111111111,2.810601646483547,2.010207987529545,2.927404889909111
NbO,0,../data/Structures/Metals/NbO_CollCode_237585.cif,0.7295258432480499,5.884797567835469,12.27600804284653,-20.57308130999214,0.9199999999999999,40,49.0,2.978086274984322,2.105825,2.978086274984323
Nd(As3Os)4,0,../data/Structures/Metals/NdOs4As12_CollCode_611007.cif,0.8993888028380758,63.30340692452896,10.61469202003931,-93.85550180097401,0.1157093425605534,65,15.11418685121108,4.26455,2.423540425696714,3.264385908055725
Nd(FeSb3)4,0,../data/Structures/Metals/NdFe4Sb12_CollCode_79927.cif,0.0,19.35447535626848,19.462548799989,-90.78906347404333,0.1486505190311417,66,7.058823529411764,4.564999999999999,2.549132339887818,3.473444212907649
Nd(P3Os)4,0,../data/Structures/Metals/NdOs4P12_CollCode_645670.cif,0.5136983674941816,63.10856965698553,-5.119991942102777,-93.46206062278128,0.1165397923875434,64,20.09688581314879,4.0319,2.362431931265999,2.885701172473551
Nd(P3Ru)4,0,../data/Structures/Metals/NdRu4P12_CollCode_645686.cif,0.2572117117535946,64.82639291224926,-12.80092026682696,-93.7807182880374,0.1165397923875434,64,20.76124567474048,4.0182,2.354404619711064,2.875895843456738
OsO2,0,../data/Structures/Metals/OsO2_CollCode_15070.cif,0.1644496717225894,9.905228852590291,13.71476265062336,-46.44155797721291,0.551111111111111,30,34.66666666666666,3.516594574304598,1.991272194803296,2.883725272582437
Pr(As3Os)4,0,../data/Structures/Metals/PrOs4As12_CollCode_611141.cif,0.8996565132415569,63.30419852070658,10.61136098654427,-93.83349865910459,0.1168166089965399,67,15.28027681660899,4.265549999999998,2.424108724913676,3.265151378247904
Pr(As3Ru)4,0,../data/Structures/Metals/PrRu4As12_CollCode_611222.cif,0.0,65.02037157350847,17.04703600266406,-94.21783133960514,0.1168166089965399,67,15.94463667820069,4.248149999999998,2.414220318538532,3.251832196903995
Pr(CoSi)2,0,../data/Structures/Metals/PrCo2Si2_CollCode_31418.cif,0.0,11.64824464781742,16.81886275822427,0.0,0.2431999999999999,61,27.04,2.806506814529407,2.324219314158251,2.542785
Pr(FeAs3)4,0,../data/Structures/Metals/PrFe4As12_CollCode_610521.cif,0.0,15.68772940763381,19.45314114585156,-96.30110801933084,0.203460207612457,67,11.29411764705882,4.15625,2.361993620499693,3.18148548624277
Pr(FeP3)4,0,../data/Structures/Metals/PrFe4P12_CollCode_93363.cif,0.2068887469889749,12.34423682256944,19.75529377139415,-99.96060757223859,0.2076124567474048,66,16.27681660899654,3.9063,2.247600293648169,2.831295217209467
Pr(FeSb3)4,0,../data/Structures/Metals/PrFe4Sb12_CollCode_633160.cif,0.0,19.39693631111906,19.46109666506059,-90.68036231698932,0.1494809688581314,68,7.280276816609002,4.567549999999998,2.551229165828103,3.475640216949217
Pr(P3Os)4,0,../data/Structures/Metals/PrOs4P12_CollCode_189923.cif,0.5137947433669668,63.1157301980198,-4.7849862857929,-93.86318919282432,0.1176470588235295,66,20.26297577854671,4.039999999999999,2.361746405448307,2.901500113342774
Pr(Sb3Os)4,0,../data/Structures/Metals/PrOs4Sb12_CollCode_156258.cif,1.028916651247407,63.58556367387286,10.27059225305688,-87.53765123760807,0.1060207612456746,68,6.975778546712801,4.653399999999999,2.624013984494958,3.552938686790077
Pr(Sb3Ru)4,0,../data/Structures/Metals/PrRu4Sb12_CollCode_649242.cif,0.1000396852997007,65.3015357050341,10.45240595851688,-89.41090771543146,0.1060207612456746,68,7.640138408304496,4.632399999999998,2.58745147568874,3.524987299754912
ReO2,0,../data/Structures/Metals/ReO2_CollCode_154021.cif,0.2089074511036428,8.878353973588865,14.82768992180982,-45.93056859649506,0.6844444444444445,33,37.77777777777778,3.671838279901499,1.98470047944335,2.818522969137307
ReO3,0,../data/Structures/Metals/ReO3_CollCode_77679.cif,0.4093368566648341,11.87050287969283,9.286902256504558,-68.75614199993588,0.5774999999999999,33,31.875,3.7504,1.8752,2.651933272162028
RhO2,0,../data/Structures/Metals/RhO2_CollCode_28498.cif,0.4734496243262211,16.8612798442209,13.79049900954405,-47.24043821961471,0.5155555555555557,28,33.77777777777778,3.479251908320751,1.95796140383459,2.858229340962541
Ru4Pb4O13,0,../data/Structures/Metals/Pb2Ru2O6.5_SD_1603162.cif,0.5796587099358538,11.53118653620102,7.310726177978318,-39.94450306813123,0.5541950113378684,31,37.73242630385488,3.628200249607235,1.963289494648704,2.968112306201827
RuO2,0,../data/Structures/Metals/RuO2_CollCode_15071.cif,0.1514958112046015,9.87170847682983,10.36015883046989,-46.92366497057576,0.551111111111111,31,35.55555555555556,3.488040977528234,1.969928849835062,2.857819577732834
Sm(FeP3)4,0,../data/Structures/Metals/SmFe4P12_CollCode_633097.cif,0.212395130412016,12.3410272449513,19.75542895652856,-99.85129302331082,0.2042906574394463,60,15.86159169550173,3.901449999999999,2.249415161572681,2.828813279837393
Sm(Sb3Os)4,0,../data/Structures/Metals/SmOs4Sb12_CollCode_156468.cif,1.028188907993338,63.58612880700434,10.28076412946236,-87.568525933538,0.1015916955017303,62,6.560553633217997,4.654249999999998,2.624153491268501,3.553524813243123
Sm2Mo2O7,0,../data/Structures/Metals/Sm2Mo2O7_CollCode_291028.cif,0.1837414642436581,10.1781781021487,12.12836674106869,-39.00306682454281,0.8214876033057851,64,50.90909090909091,3.683884908625675,2.021778329991694,2.898260283152458
Sr(FeSb3)4,0,../data/Structures/Metals/SrFe4Sb12_CollCode_658733.cif,0.0,21.1211377206363,19.45613194694949,-12.97567713319671,0.1644290657439446,77,6.394463667820077,4.589,2.589643896425144,3.503563688921756
Sr(Sb3Os)4,0,../data/Structures/Metals/SrOs4Sb12_SD_1230067.cif,1.033617452048364,63.59292743059277,10.28380007529882,-83.1740642636925,0.125951557093426,77,6.311418685121106,4.664500000000001,2.691143568448954,3.278674623937636
Sr2MoO4,0,../data/Structures/Metals/Sr2MoO4_CollCode_152123.cif,0.2615731071652237,10.41136951194609,13.06201268711318,-30.83110363324286,1.022040816326531,79,56.48979591836735,3.917599999999999,2.042001033333333,3.024214055192462
Sr2RuO4,0,../data/Structures/Metals/Sr2RuO4_CollCode_41604.cif,0.2472604308766802,10.28012141565487,9.603554711946128,-31.42653358775751,1.015510204081633,79,55.18367346938776,3.871,1.978277133333333,2.983588078211255
Sr3Ru2O7,0,../data/Structures/Metals/Sr3Ru2O7_CollCode_33803.cif,0.2017370301637576,10.33158249323398,9.477925339373257,-33.52015049710782,0.967361111111111,79,53.18055555555556,3.925302933333333,1.965479313251556,2.890566503838524
SrCoO3,0,../data/Structures/Metals/SrCoO3_CollCode_184078.cif,0.2924584601976234,24.494682230869,3.897173500064501,-36.98798053226686,0.9719999999999999,79,45.36,3.855,1.9275,2.725896641474141
SrCrO3,0,../data/Structures/Metals/SrCrO3_CollCode_245834.cif,0.3622549407614156,16.53026074663595,6.586603111667807,-37.32883003086253,1.0248,79,48.48,3.8198,1.9099,2.701006482776374
SrFeO3,0,../data/Structures/Metals/SrFeO3_CollCode_91062.cif,0.1546679024608471,16.35080238898988,0.3224843175145713,-37.02639962396486,0.984,79,46.8,3.851,1.9255,2.723068214349394
SrIrO3,0,../data/Structures/Metals/SrIrO3_CollCode_196446.cif,0.323994737181488,13.34716850033701,12.72523503322248,-35.76647056284639,0.8951999999999998,79,48.96,3.942051529430938,2.020928511638056,2.953549322756729
SrLaCuO4,0,../data/Structures/Metals/LaSrCuO4_CollCode_10252.cif,0.1870279976577775,16.71439176626826,8.611367651675277,-28.81705021173564,1.04,79,54.85714285714285,3.765,2.002543333333334,2.985025449313239
SrLaNiO4,0,../data/Structures/Metals/LaSrNiO4_CollCode_69174.cif,0.3593894550165262,15.96917282659836,10.57707887629589,-29.17038872495749,1.038367346938776,79,53.55102040816327,3.8258,1.957266666666667,2.934181280665197
SrMoO3,0,../data/Structures/Metals/SrMoO3_CollCode_174208.cif,0.277095659857116,10.46543962284556,12.92225312639015,-35.86152852472874,0.9047999999999998,79,52.08,3.97609,1.988045,2.81152020160802
SrOsO3,0,../data/Structures/Metals/SrOsO3_SD_0375560.cif,0.6220555742886147,10.34762521980038,10.5097240396306,-35.47214491572871,0.8951999999999998,79,49.68,3.942544472178456,2.053738146987693,2.962373965598538
SrRhO3,0,../data/Structures/Metals/SrRhO3_SD_1639007.cif,0.2625497623142337,17.33294637563246,11.11476749105106,-35.99889678420477,0.8760000000000001,79,49.2,3.926762866055307,2.000311696559442,2.941562741493575
SrRuO3,0,../data/Structures/Metals/SrRuO3_CollCode_75561.cif,0.1552059611955304,10.33072101645395,8.527722349421067,-36.1491822702606,0.8951999999999998,79,50.16,3.924381347008926,1.983937670701953,2.947567640210663
SrVO3,0,../data/Structures/Metals/SrVO3_CollCode_88982.cif,0.2301915511165328,14.82361982478065,8.688999517912123,-37.12376394904545,1.032,79,51.84000000000001,3.8409,1.92045,2.71592643585941
Tb(CoGe)2,0,../data/Structures/Metals/TbCo2Ge2_SD_1611697.cif,0.0,11.30141322398208,19.46573915849594,-49.36854386331759,0.2352000000000001,50,22.71999999999999,2.815628492006713,2.344763262633702,2.5658784
Tb(CoSi)2,0,../data/Structures/Metals/TbCo2Si2_SD_0312563.cif,0.0,11.18865433176958,16.98234243177098,-50.68552200209722,0.2175999999999999,49,24.16,2.754888019502789,2.278395444736493,2.519628000000001
Tb(NiGe)2,0,../data/Structures/Metals/TbNi2Ge2_SD_0536300.cif,0.0,11.98624197938578,19.43723291627429,-46.74160811127511,0.24,50,23.04,2.861661143461957,2.427113224273025,2.210957999999999
Tb(P3Ru)4,0,../data/Structures/Metals/TbRu4P12_CollCode_245294.cif,0.2868600470960322,64.82657127214812,-13.03404467495493,-93.530041794031,0.1087889273356397,54,20.17993079584775,4.0184,2.357779206917886,2.874034807274665
Tb(SiNi)2,0,../data/Structures/Metals/TbNi2Si2_SD_0382572.cif,0.0,11.87309370201472,16.82190964377708,-47.78965248370432,0.2223999999999999,49,24.48000000000001,2.798728639936355,2.371631868650782,2.15604
TiO,0,../data/Structures/Metals/TiO_CollCode_56612.cif,0.1694029238601541,9.072554617789944,19.74671801445167,-23.94156679375547,0.95,44,47.0,2.972889040142601,2.10215,2.972889040142601
TiS2,0,../data/Structures/Metals/TiS2_CollCode_52195.cif,0.08754141948545877,51.80571254629766,6.792913964337708,-34.1767237298715,0.4622222222222223,45,24.44444444444444,3.4073,2.428744025299343,3.442522184692701
Tm(SiNi)2,0,../data/Structures/Metals/TmNi2Si2_CollCode_76719.cif,0.0,11.39844547627659,17.00682691201881,0.0,0.2096000000000001,41,23.2,2.772565689032453,2.17941832836195,3.109690852981011
V7O13,0,../data/Structures/Metals/V7O13_CollCode_197.cif,0.0,14.10578756153508,6.57939153512632,0.0,0.82355,41,39.585,3.296975594206543,1.968259114752407,1.728792529087928
VO,0,../data/Structures/Metals/VO_HT_CollCode_77705.cif,0.4737620417261708,9.677301246396823,20.01098682518023,-24.71336343505674,0.905,41,43.5,2.880045919772808,2.0365,2.880045919772808
W18O49,0,../data/Structures/Metals/W18O49_CollCode_15254.cif,0.3072592674547068,52.80352596612941,-6.055665433125765,-61.75683342133484,0.424397415905547,36,37.72421474715972,3.245741976638375,1.948003143224136,2.697793903387392
WO2,0,../data/Structures/Metals/WO2_CollCode_8217.cif,0.1494292564149007,8.230265451913082,15.86678246880841,-45.06796578887898,0.48,36,42.66666666666666,2.785375122467102,2.007761872140105,2.921623089286424
Yb(FeSb3)4,0,../data/Structures/Metals/YbFe4Sb12_SD_1612005.cif,0.0,19.10491131811617,19.45555203179897,-84.7456144076002,0.1386851211072663,46,5.508650519031151,4.578,2.641238129780108,3.217873818927322
Ag2BiO3,1,../data/Structures/Insulators/Ag2BiO3_HT_CollCode_415959.cif,0.0837608027550604,9.412308373363034,13.12724214294775,-26.91963200512288,0.7399999999999999,22,40.0,3.202870552369195,2.431059467311279,3.062898062494701
Ag2O,1,../data/Structures/Insulators/Ag2O_SD_0311308.cif,0.2249672971398541,9.608296843871255,8.88482011454399,-10.39798420351739,0.6711111111111111,22,35.11111111111111,3.348857715699488,2.050748156161551,4.101496312323101
AgF2,1,../data/Structures/Insulators/AgF2_CollCode_66014.cif,0.0647797962975954,9.61723516908775,0.2888112111145524,-10.52104164189172,0.9111111111111111,28,39.11111111111111,3.893517989259093,2.253357753016122,3.195509185868989
Al2O3,1,../data/Structures/Insulators/Al2O3_CollCode_31545.cif,0.05422856717131365,87.0577664282692,19.22862322213764,-37.74301246347715,0.8783999999999998,14,26.4,3.209199252951914,1.915279012351449,2.724010126290139
AlV2O4,1,../data/Structures/Insulators/AlV2O4_CollCode_60413.cif,0.1632916566906324,11.06577628822614,17.8016830163471,-32.83147908671179,0.889795918367347,41,37.38775510204082,2.896309375740099,2.039840899333083,2.896332546029743
As3Ir,1,../data/Structures/Insulators/IrAs3_CollCode_34046.cif,0.0,65.10896860248941,19.39075876007811,0.0,0.007500000000000173,24,8.25,4.233649999999998,2.439206342547944,3.01906962959627
As3Rh,1,../data/Structures/Insulators/RhAs3_CollCode_34052.cif,0.0,48.64534151518068,17.23244363469347,0.0,0.03749999999999987,25,8.625,4.225349999999999,2.434618657278969,3.008846250048461
Au2O3,1,../data/Structures/Insulators/Au2O3_CollCode_8014.cif,0.1113252587071305,10.6780949129932,11.78870380634183,-33.38976957701222,0.4319999999999999,21,33.6,3.331783023947132,2.19184024109603,2.927423659017531
Ba2TiO4,1,../data/Structures/Insulators/Ba2TiO4_CollCode_29389.cif,0.1483988042294812,53.24953330684735,7.368459859400223,-30.58060615193827,1.142857142857143,78,64.0,5.175454521237109,1.813600520554405,3.30493395421204
BaCoS2,1,../data/Structures/Insulators/BaCoS2_CollCode_246938.cif,0.338819025367301,12.43036504226144,21.73164098005404,-18.01334825519019,0.5975,79,38.625,3.613249947042303,2.37124169110542,3.7113073147195
BaO,1,../data/Structures/Insulators/BaO_CollCode_26961.cif,0.3313252650487599,22.1488048277278,13.5551033157439,-18.24497539803989,1.275,78,74.5,3.901108111806182,2.7585,3.901108111806182
BaPrO3,1,../data/Structures/Insulators/BaPrO3_CollCode_163752.cif,0.2090887811590335,15.25472793413507,7.926683861369344,-32.37008663073237,1.1664,78,68.64000000000001,4.371117415956132,2.223413862792012,3.288564473785347
BaSnO3,1,../data/Structures/Insulators/BaSnO3_CollCode_188149.cif,0.10530336753113,32.79222260007773,10.42856835744963,-34.63580085306275,0.9672000000000001,78,53.27999999999999,4.1168,2.0584,2.911017196788778
BaTiO3,1,../data/Structures/Insulators/BaTiO3_CollCode_67519.cif,0.3811740585682026,52.43173749537478,9.565654137439747,-35.59524577407903,1.068,78,58.32000000000001,3.9998,2.002175,2.83215088832327
Ca(FeO2)2,1,../data/Structures/Insulators/CaFe2O4_CollCode_291004.cif,0.1517790260550564,19.99639217856899,12.67010851976014,-31.39266181162995,0.9240816326530611,80,39.51020408163265,3.37813155777626,2.040712947923991,2.947160808586624
Ca2.668La1.332Mn4O12,1,../data/Structures/Insulators/La33Ca67Mn100O300_CollCode_56519.cif,0.1443571652413583,16.20173639445741,6.87693118378376,-35.8435188275286,1.031208,80,46.39752,3.798253894689122,1.926364214220648,2.852278297128032
Ca2AlFeO5,1,../data/Structures/Insulators/Ca2(FeAl)O5_CollCode_9197.cif,0.2158617797520802,20.35776077445875,14.60160426186975,-29.81358724632855,1.02716049382716,80,42.09876543209877,3.691045118619255,1.931945279429767,3.039436748032627
Ca2CrOsO6,1,../data/Structures/Insulators/Ca2CrOsO6_RoomT_CollCode_239672.cif,0.5838690875571236,12.43352166452843,2.741028211725744,-31.64547549490088,0.9480000000000001,80,44.52,5.400250138335912,1.936614909091776,2.863787549884146
Ca2Fe2O5,1,../data/Structures/Insulators/Ca2Fe2O5_CollCode_15059.cif,0.08192117814345524,20.36602752313157,13.39501283582882,-29.25492375752009,1.0,80,43.45679012345678,3.698883073425508,1.960396599242995,3.029650012274215
Ca3Mn4BiO12,1,../data/Structures/Insulators/Ca75Bi25Mn100O300_CollCode_291046.cif,0.1591192490228518,16.46804478710224,6.348269696591781,-36.30929217215466,0.9780000000000001,80,42.23999999999999,3.772054731997622,1.925922944451928,2.830035286716498
Ca4Mn1.96Fe2.04O12,1,../data/Structures/Insulators/Ca2FeMnO6_CollCode_259396.cif,0.1674793003338301,16.22118166959747,1.651646889616114,-38.08253849361883,1.004928,80,43.0632,3.721976265166675,1.891424532499064,2.784894843458182
CaMn7O12,1,../data/Structures/Insulators/CaMn7O12_HT_CollCode_252390.cif,0.2632022982089993,14.13382808778058,8.669813882990603,-37.33428970342835,0.9401999999999997,80,37.26000000000001,3.331191978575741,2.156622029309793,2.774320877167788
CaMoO4,1,../data/Structures/Insulators/CaMoO4_RoomT_CollCode_62219.cif,0.07160318007860704,53.09128217649697,0.9468158984018835,-51.26111993525611,0.8266666666666665,80,44.0,3.871208928099851,1.775122919759901,2.897644831779715
CaO,1,../data/Structures/Insulators/CaO_CollCode_51409.cif,0.1761518111024974,34.81229572598734,16.24467568843643,-20.90412221112022,1.22,80,55.0,3.404860572769464,2.4076,3.404860572769464
CaOsO3,1,../data/Structures/Insulators/CaOsO3_CollCode_237732.cif,0.2324896341422879,10.2990675938766,12.03370521245074,-36.14179601664122,0.8832000000000001,80,45.12,3.890816805023231,2.006244484091077,2.921280124933507
Cd(RhO2)2,1,../data/Structures/Insulators/CdRh2O4_Spinel_RoomT_CollCode_262941.cif,0.1194132768731311,6.270216122713576,12.14746123142425,-31.56558013528083,0.6644897959183674,28,37.55102040816327,3.083579535669544,2.048895461748802,3.090040036983387
Cd2Ru2O7,1,../data/Structures/Insulators/Cd2Ru2O7_CollCode_86773.cif,0.3400251780147706,12.97903439166241,5.171516888790909,-44.59496070650767,0.6919008264462808,31,36.56198347107438,3.58114229331927,1.923613107955121,3.032030870605333
CdO,1,../data/Structures/Insulators/CdO_CollCode_31055.cif,0.2739880377069206,16.25436346439202,11.85342594861715,-21.28066157948966,0.875,17,39.0,3.34461507501237,2.365000000000001,3.34461507501237
CdO2,1,../data/Structures/Insulators/CdO2_CollCode_36151.cif,0.1280608086396501,16.72679027057675,-2.718585058120272,-9.379813019280888,0.7777777777777777,17,34.66666666666666,3.756858328444127,2.308472026557064,1.487105568003132
CdS,1,../data/Structures/Insulators/CdS_CollCode_154186.cif,0.1818954889545101,17.06517266439452,19.52200769799984,-18.698942278005,0.4450000000000001,18,19.5,4.120644134517482,2.529486124884971,4.120644134517482
Ce(As3Os)4,1,../data/Structures/Insulators/CeOs4As12_CollCode_610010.cif,0.9090990235637255,63.30174336355851,10.58685506972605,-93.9017420040924,0.1179238754325259,69,15.36332179930796,4.26245,2.422346997341093,3.26277842065215
Ce(As3Ru)4,1,../data/Structures/Insulators/CeRu4As12_CollCode_610013.cif,0.0,65.01817590804164,17.04891240932892,-94.27886187528702,0.1179238754325259,69,16.02768166089965,4.245400000000001,2.412657495691886,3.249727153875503
Ce(FeAs3)4,1,../data/Structures/Insulators/CeFe4As12_CollCode_610003.cif,0.0,15.89533155412859,19.45427219332549,-96.49380542324376,0.2042906574394463,69,11.37716262975779,4.147950000000001,2.357276736998906,3.175132083647687
Ce(FeP3)4,1,../data/Structures/Insulators/CeFe4P12_CollCode_52852.cif,0.2064241375202597,12.34869889248238,19.76285665966073,-100.0901822820951,0.2084429065743943,68,16.3598615916955,3.896,2.243836928101149,2.823459923005229
Ce(P3Ru)4,1,../data/Structures/Insulators/CeRu4P12_CollCode_50595.cif,0.2545018880117355,64.82933358199676,-11.83624449189048,-94.83227097198275,0.1187543252595156,68,21.01038062283737,4.021500000000001,2.342234287673716,2.889757528752342
Ce2O3,1,../data/Structures/Insulators/Ce2O3_Theory_CollCode_96202.cif,0.2858500804468035,13.1519745082269,15.29493110167907,-29.45967546062889,1.1136,72,66.24000000000001,4.048683234517696,2.455193362067355,3.537382773281641
CeO2,1,../data/Structures/Insulators/CeO2_CollCode_72155.cif,0.4180278281402925,24.88149532122058,11.15706407002315,-41.28054776036104,1.031111111111111,72,61.33333333333334,3.82714474249407,2.343637947721448,2.706199999999999
Co3O4,1,../data/Structures/Insulators/Co3O4_CollCode_27497.cif,0.1147981396302666,13.2852322817887,-5.287248633119927,-33.91135917458702,0.7640816326530613,29,29.38775510204082,3.210790592682724,1.91979067115173,2.855258000825175
CoAs3,1,../data/Structures/Insulators/CoAs3_CollCode_243405.cif,0.0,14.26088582917022,19.43459300078226,-13.27947654896824,0.1124999999999999,26,2.625,4.103499999999999,2.336674256758837,3.145427434655997
CoO,1,../data/Structures/Insulators/CoO_CollCode_9865.cif,0.1347706398831512,11.63864003672866,15.6728076704103,-23.61189989936338,0.78,29,30.0,3.014396208198252,2.1315,3.014396208198252
CoP3,1,../data/Structures/Insulators/CoP3_CollCode_92393.cif,0.0,18.94231301657194,13.90432791673164,0.0,0.1162500000000001,25,7.125,3.855599999999999,2.22543708191124,2.813713222383039
CoSb3,1,../data/Structures/Insulators/CoSb3_CollCode_161491.cif,0.0,18.73651082015842,19.43922916897487,0.0,0.06374999999999997,27,4.875,4.527569999999998,2.52973645680178,3.446363159362887
Cr2O3,1,../data/Structures/Insulators/Cr2O3_CollCode_75577.cif,0.01051555871461615,13.89633446407663,14.3798127555421,-36.17380616808301,0.8544,38,35.04,3.345126323945916,1.988800574553562,2.838394270408845
CrO3,1,../data/Structures/Insulators/CrO3_CollCode_16031.cif,0.1831488382979885,65.31100973779257,-8.805939291487523,-69.43430890137456,0.6675,38,27.375,3.314767679961358,1.6627085444831,2.935674003491705
CrPbO3,1,../data/Structures/Insulators/PbCrO3_CollCode_194156.cif,0.3607163928268558,16.70494082987966,3.644867612597613,-11.02295117225838,0.6936,38,36.72,4.0054,2.0027,2.832245501364597
Cu2Ag2O3,1,../data/Structures/Insulators/Ag2Cu2O3_CollCode_51672.cif,0.163095186317167,9.54233346138485,9.86474286769076,-18.03435629489485,0.746938775510204,23,35.51020408163265,3.298259810159275,2.073036904120107,2.747008055560865
Cu2O,1,../data/Structures/Insulators/Cu2O_CollCode_172174.cif,0.1189096757420843,7.794199070337958,11.3877118785454,-11.53923825753547,0.6844444444444445,23,29.33333333333333,3.01764889939171,1.847925006595236,3.69585001319047
CuAgO2,1,../data/Structures/Insulators/AgCuO2_CollCode_95089.cif,0.09513474265999347,9.462649593294746,16.41567807672173,-26.27827681633,0.7625,23,36.25,3.239139996937304,2.547130960784921,3.156014560596656
CuO,1,../data/Structures/Insulators/CuO_CollCode_291387.cif,0.01667210058591162,12.00222630423101,13.53479039582284,-24.00093466606253,0.77,23,33.0,3.167275567480316,2.228473661462667,2.99977290264573
CuRhO2,1,../data/Structures/Insulators/CuRhO2_CollCode_29214.cif,0.1880231951636488,6.257186991869921,13.02803257271988,-26.65448894504558,0.675,28,35.5,3.075000000000001,2.016157306694126,2.841717786773402
DyTiO3,1,../data/Structures/Insulators/DyTiO3_SD_0375195.cif,0.2318974689377904,12.02311449258402,16.89815131714343,-33.45865605170857,0.9888,56,52.8,3.837506426724601,2.008703823191201,2.892863478395175
DyVO4,1,../data/Structures/Insulators/DyVO4_CollCode_152693.cif,0.2523359876144385,59.14945629609191,-4.457934438620581,-46.47095247805415,0.8955555555555557,56,47.33333333333334,3.898230743555337,1.770020542092677,3.04266593996108
Er2O3,1,../data/Structures/Insulators/Er2O3_CollCode_39521.cif,0.1340467779044459,15.87085139545565,16.29589297049844,-31.89513460327736,1.056,52,59.04000000000001,3.740996121323967,2.267043712272226,3.265202176207976
Er2Ti2O7,1,../data/Structures/Insulators/Er2Ti2O7_CollCode_252238.cif,0.1613886375372456,51.99013278732023,11.24361641402552,-40.33055905749809,0.9487603305785122,52,50.21487603305786,3.562773073357606,1.955143952984848,3.028223009002176
ErTiO3,1,../data/Structures/Insulators/ErTiO3_SD_0545946.cif,0.2728707905364341,12.02945104222015,16.88296262079986,-33.44103508506894,0.984,52,52.08,3.843997748615703,2.009791286847546,2.896080229714979
Eu2CuO4,1,../data/Structures/Insulators/Eu2CuO4_CollCode_71183.cif,0.1983674676989805,12.85752776889162,11.49224901695042,-28.88409967947791,0.9877551020408163,62,53.87755102040816,3.901199999999999,1.9506,2.830959983176639
Eu2O3,1,../data/Structures/Insulators/Eu2O3_CollCode_96953.cif,0.07887313336127644,14.36657897971648,12.57661562522831,-30.86500025293512,1.0824,62,63.35999999999999,3.856958516536798,2.346923453205839,3.361389723591536
EuO,1,../data/Structures/Insulators/EuO_RT_CollCode_53437.cif,0.09246177502300867,9.639638210146686,14.59939498929582,-19.57555995157255,1.1275,62,66.0,3.635943068861228,2.571000000000001,3.635943068861228
EuRhO3,1,../data/Structures/Insulators/EuRhO3_CollCode_230643.cif,0.2384790835257969,7.226997485840272,11.64641237302999,-33.06364172628574,0.8196,62,49.92,3.878168664062623,2.070510483839351,2.954145970909181
EuVO4,1,../data/Structures/Insulators/EuVO4_CollCode_81702.cif,0.1646524143603318,59.19978229621336,-2.159254700048338,-47.3778337431881,0.9033333333333333,62,48.66666666666666,3.952074222481151,1.708663641641114,3.031739887240136
Fe2O3,1,../data/Structures/Insulators/Fe2O3_CollCode_15840.cif,0.01893024854479462,20.01779616240593,14.07497622060781,-35.71605500556416,0.7727999999999999,32,31.68,3.39517989500089,2.030912641720244,2.881847344588374
FeO,1,../data/Structures/Insulators/FeO_CollCode_82233.cif,0.0833149431544733,9.744407414834548,15.96866751987036,-23.26803727946974,0.8049999999999999,32,33.0,3.058943935413004,2.163,3.058943935413004
FeS2,1,../data/Structures/Insulators/FeS2_CollCode_316.cif,0.1518853077504102,10.70017782586434,12.32765098569313,-10.04987678533324,0.3333333333333333,33,12.0,3.838246318958698,2.268708177024628,2.85392655679919
Gd2CuO4,1,../data/Structures/Insulators/Gd2CuO4_CollCode_65015.cif,0.2018753167456303,12.84880270298047,11.54674904398812,-28.97181862601716,0.982857142857143,60,53.22448979591837,3.891999999999999,1.946,2.824539728252029
Gd2Ti2O7,1,../data/Structures/Insulators/Gd2Ti2O7_SD_0308915.cif,0.2765811120459662,52.02392204419884,12.52271620097562,-40.29059694957292,0.95801652892562,60,51.83471074380166,3.592809555208849,1.937399624822469,3.043908154984566
Gd2TiO5,1,../data/Structures/Insulators/Gd2TiO5_CollCode_195211.cif,0.1569437941463858,52.19943278792383,10.96476421761408,-37.13615641692449,0.996875,60,55.3125,3.757347999999999,1.89759747649293,2.977270843696624
GdTiO3,1,../data/Structures/Insulators/GdTiO3_CollCode_8149.cif,0.06980334980882359,12.06047675027972,16.10237501149364,-33.14161626233754,0.9936,60,53.75999999999999,3.876100922146613,2.038595737951391,2.924929462054747
GdVO4,1,../data/Structures/Insulators/GdVO4_CollCode_152692.cif,0.8647948767291678,59.17932459912709,2.652067089354682,-49.50491968382531,0.8999999999999999,60,48.22222222222223,3.930008235360328,1.603853147620465,3.020207741880403
HgO,1,../data/Structures/Insulators/HgO_CollCode_14124.cif,0.2018491801770084,11.67017600726168,9.044078631957007,-20.87673095562783,0.72,16,33.0,3.544133166591686,2.307416558449937,3.485547585817121
Ho2O3,1,../data/Structures/Insulators/Ho2O3_CollCode_80038.cif,0.03530210798193041,15.9056206023324,15.75336413459036,-31.57719395616544,1.0608,54,60.48,3.765225283030759,2.293972730090035,3.278288878237281
HoTiO3,1,../data/Structures/Insulators/HoTiO3_SD_0545947.cif,0.1759577057041677,12.03583109668313,16.79082727096895,-33.37959477971586,0.9864,54,52.8,3.850555863237719,2.013489568334478,2.90125958660368
HoVO4,1,../data/Structures/Insulators/HoVO4_CollCode_78079.cif,0.167750006973973,59.1444703181734,-2.139470644756797,-47.61280777075718,0.8933333333333332,54,47.33333333333334,3.892976046436068,1.707916554271029,3.04404059081015
KVO3,1,../data/Structures/Insulators/KVO3_CollCode_1486.cif,0.1793195508928261,58.63344361191324,3.246802306027917,-43.9808183617702,1.0632,84,53.75999999999999,3.420420473183985,1.723875904075844,3.083042686019916
La2CoO4,1,../data/Structures/Insulators/La2CoO4_CollCode_16404.cif,0.4477300929566859,12.70560182447126,19.18363122301929,-27.58884523709434,1.018775510204082,74,55.83673469387755,3.881309186344216,1.973600229767695,2.919435217280502
La2CuO4,1,../data/Structures/Insulators/La2CuO4_CollCode_71795.cif,0.190430177650339,12.75925807445237,14.58551882081348,-14.33522518624571,1.015510204081633,74,56.81632653061224,3.800029736725754,2.227146018001774,0.6066605482954425
La2O3,1,../data/Structures/Insulators/La2O3_CollCode_56771.cif,0.2833636641444967,27.03858403816331,16.5517380004414,-29.40822457256444,1.1232,74,67.67999999999999,3.856240713241606,2.5334478737542,3.05937125175575
La2RuO5,1,../data/Structures/Insulators/La4Ru2O10_HT_CollCode_170765.cif,0.1640939264027481,10.37865383749045,8.709237899170516,-35.59839269070302,0.9249999999999998,74,56.5625,3.976325198920287,2.008909658642258,2.940900931858522
La2TiO5,1,../data/Structures/Insulators/La2TiO5_CollCode_195207.cif,0.1429696919666868,52.38041428128756,9.24181704546988,-36.15536149721026,1.028125,74,58.75,3.943579999999999,1.924210710330452,2.976373685595244
La2Zr2O7,1,../data/Structures/Insulators/La2Zr2O7_CollCode_51573.cif,0.1799070272227209,42.15839073873798,15.80664109548973,-37.60323898160023,1.029752066115702,74,57.85123966942149,3.818270552390178,2.098659604619916,3.005704121842305
LaCrO3,1,../data/Structures/Insulators/LaCrO3_CollCode_50755.cif,0.06599141365976836,14.49313992936021,13.87517545549936,-33.09731400167184,0.9888,74,51.35999999999999,3.883547309139789,1.969495663632366,2.920868287621366
LaFeO3,1,../data/Structures/Insulators/LaFeO3_CollCode_78062.cif,0.04280732356022595,20.59550646675362,13.30902822792275,-32.76428573073986,0.9480000000000001,74,49.68,3.930578795710296,2.006580412946843,2.950094173733325
LaMnO3,1,../data/Structures/Insulators/LaMnO3_CollCode_50334.cif,0.08626616373625885,13.86704549360247,10.56817572938078,-32.83102388115752,1.0152,74,51.35999999999999,3.918320614563372,2.017943110453587,2.950645977181769
LaRhO3,1,../data/Structures/Insulators/LaRhO3_CollCode_172347.cif,0.1011784385648047,7.302539916353833,11.96559982219208,-32.52418281023145,0.8400000000000001,74,52.08,3.95871010784148,2.053106414978922,2.97177615179393
LaTiO3,1,../data/Structures/Insulators/LaTiO3_CollCode_8146.cif,0.06121338285594922,12.13441180473498,16.18066589778868,-32.53925108978511,1.0176,74,56.4,3.954808952742215,2.017912380626805,2.965797068557476
LaVO3,1,../data/Structures/Insulators/LaVO3_HT_CollCode_73898.cif,0.02053171202282773,13.73011237235636,14.74290646578868,-32.78858310265788,0.9959999999999999,74,54.72000000000001,3.925977036257954,2.003490834523918,2.945394231804916
LaYbO3,1,../data/Structures/Insulators/LaYbO3_CollCode_189419.cif,0.1590872484865929,27.31683529867346,17.03888437639023,-30.81349266031934,1.0848,74,62.88,4.166728516447023,2.663855750192226,3.173281988180013
LiVO2,1,../data/Structures/Insulators/LiVO2_HT_CollCode_202541.cif,0.07012641563211548,12.45500215570507,12.69292262306219,-26.52181586152219,1.0675,86,37.25,2.9132,2.020985832773382,2.948230204147813
Lu2O3,1,../data/Structures/Insulators/Lu2O3_CollCode_428543.cif,0.02042561853946362,20.3770656121452,18.83109863025619,-32.38445097438047,1.0416,46,58.08,3.680389377458009,2.233436896904589,3.261985817161595
LuFeO3,1,../data/Structures/Insulators/LuFeO3_CollCode_27285.cif,0.0745306393065263,20.46783378065646,13.76654796127197,-33.97153807935172,0.9071999999999999,46,44.88,3.798211201220662,2.009800721609743,2.933741018345286
MgO,1,../data/Structures/Insulators/MgO_CollCode_9863.cif,0.00798668752062126,60.27926086544328,18.16337112353785,-23.86946390111124,1.065,19,37.5,2.981869296263671,2.1085,2.981869296263671
MgTiO3,1,../data/Structures/Insulators/MgTiO3_SD_0546411.cif,0.7576258044656671,51.23480164491949,4.223162870729706,-35.56576202236511,0.9672000000000001,44,40.56,3.001785466777443,2.140177225541813,2.854391310023574
Mn2O3,1,../data/Structures/Insulators/Mn2O3_CollCode_9091.cif,0.07305940045767853,13.23714341140638,11.07444465832683,-35.87759451820266,0.9071999999999999,35,35.04,3.344977864803696,2.032501029612716,2.952125843445428
MnO,1,../data/Structures/Insulators/MnO_CollCode_9864.cif,0.107772304133659,13.44767254533834,15.45152978654052,-22.64002007894424,0.945,35,36.5,3.14379674915539,2.222999999999999,3.14379674915539
MnO2,1,../data/Structures/Insulators/MnO2_CollCode_393.cif,0.2212388328304926,16.91995780658202,6.822053995537641,-48.92156129960981,0.8399999999999999,35,32.44444444444444,3.364371038711804,1.885680811440221,2.753002495253265
MoO3,1,../data/Structures/Insulators/MoO3_CollCode_35076.cif,0.0686822041772368,52.84829615798657,9.639019033866528,-65.7172699890917,0.4799999999999999,37,33.0,3.633830820401744,1.980692144408202,2.885498944381782
MoS2,1,../data/Structures/Insulators/MoS2_CollCode_38401.cif,0.1754425245557238,9.538784586228683,4.926845434865771,-30.99216706806284,0.1866666666666667,38,21.77777777777778,3.166,2.414028927329595,3.30674387836762
Nd2CuO4,1,../data/Structures/Insulators/Nd2CuO4_CollCode_75824.cif,0.1197903019580571,12.89723131746974,11.0720513485837,-28.46318725012227,1.002448979591837,68,54.85714285714285,3.94362,1.97181,2.872240296281928
Nd2O3,1,../data/Structures/Insulators/Nd2O3_CollCode_32514.cif,0.2528606710318886,14.67755256537336,14.91194836752084,-30.22444295081177,1.104,68,64.8,3.75729876159484,2.467262736341478,2.981140920524745
Nd2TiO5,1,../data/Structures/Insulators/Nd2TiO5_CollCode_195209.cif,0.1360632449187243,52.28669424333155,10.295513824433,-36.76156217852071,1.015625,68,56.875,3.844894,1.900559516863074,2.94530462309298
NdFeO3,1,../data/Structures/Insulators/NdFeO3_CollCode_27275.cif,0.04810716616259595,20.560353816294,13.43864252776696,-33.09820353628039,0.9384,68,48.23999999999999,3.893221812736829,2.010605793755268,2.92287647598256
NdMnO3,1,../data/Structures/Insulators/NdMnO3_CollCode_153214.cif,0.09878369259659024,13.86486594047179,10.7581742159645,-33.14001562076545,1.0056,68,49.92,3.915998102567822,2.028556389577798,2.945364050849319
NdRhO3,1,../data/Structures/Insulators/NdRhO3_CollCode_172355.cif,0.1159469300895617,7.258079718640204,12.13585542229923,-32.86809080008438,0.8303999999999998,68,50.64,3.91090759702216,2.052184253301145,2.946459627488449
NiO,1,../data/Structures/Insulators/NiO_CollCode_9866.cif,0.00169099168982334,12.14401639841413,15.41167795475325,-24.09227603422358,0.765,26,29.0,2.954292131797395,2.089,2.954292131797395
NiO2,1,../data/Structures/Insulators/NiO2_CollCode_78698.cif,0.369504164122639,16.0612420686566,-1.86288725665169,-45.50797791661051,0.68,26,25.77777777777778,2.83527,1.920911144278404,2.880894902478314
NiS,1,../data/Structures/Insulators/NiS_HT_FINDSYM_CollCode_42492.cif,0.04240742410427223,11.63652355024853,21.95593646510948,-20.70626543383807,0.3350000000000001,27,9.5,2.6757,2.394416290560185,3.332080017046409
P3Ir,1,../data/Structures/Insulators/IrP3_CollCode_23713.cif,0.0,64.83115990871578,-12.13030129047118,0.0,0.003750000000000031,23,12.75,4.007550000000001,2.344611844487574,2.841809993234632
P3Rh,1,../data/Structures/Insulators/RhP3_CollCode_23712.cif,0.0,17.81570895001019,14.19784298968019,0.0,0.03374999999999995,24,13.125,3.997549999999999,2.340756928470593,2.886714004782944
PbO,1,../data/Structures/Insulators/PbO_CollCode_62842.cif,0.03575906373700554,13.12651275860204,8.692741461606781,-18.83356095343704,0.5549999999999999,6,40.0,3.811157084900477,2.311482356379308,2.810325191147815
PbTiO3,1,../data/Structures/Insulators/PbTiO3_CollCode_61168.cif,0.1625324113281636,52.34150452588417,10.09272549676122,-36.14509478970533,0.7223999999999999,44,41.76000000000001,3.902,1.926698596600081,2.803707724462037
PdO,1,../data/Structures/Insulators/PdO_CollCode_26598.cif,0.2717190107620979,9.175501603292108,11.83859620530317,-23.06992549725538,0.6199999999999999,25,36.5,3.329785024538802,2.010561177880445,2.8375
Pr2CuO4,1,../data/Structures/Insulators/PrCu2O4_CollCode_91071.cif,0.2314379373673452,12.91316098588705,10.98011173315691,-28.26566127226256,1.005714285714286,70,55.51020408163265,3.9609,1.98045,2.88714449973453
Pr2O3,1,../data/Structures/Insulators/Pr2O3_HT_CollCode_75481.cif,0.3483969246383162,13.54894894796809,15.31059443049966,-30.04787406486476,1.1088,70,65.75999999999999,3.78107212367337,2.48585571054801,3.284771655436544
Pr2TiO5,1,../data/Structures/Insulators/Pr2TiO5_CollCode_195208.cif,0.1858737323763252,52.31233479942781,9.729341619484252,-36.49443491282531,1.01875,70,57.5,3.871398999999999,1.920536152100084,2.956333188473552
PrMnO3,1,../data/Structures/Insulators/PrMnO3_CollCode_97081.cif,0.1215071498209807,13.8687859969182,10.82576286667376,-33.08486840765489,1.008,70,50.4,3.920177258367959,2.023905036488309,2.946448863135835
PrO2,1,../data/Structures/Insulators/PrO2_CollCode_77653.cif,0.2106474396915623,14.77226032577416,9.293078007973538,-41.43672787429121,1.026666666666667,70,60.88888888888889,3.812719764157865,2.334804488602847,2.695999999999999
PrRhO3,1,../data/Structures/Insulators/PrRhO3_CollCode_172354.cif,0.1792244304713239,7.270330170928997,12.10123248623395,-32.78463927605147,0.8328,70,51.12,3.9239633729243,2.053637911405696,2.953537464670231
PtO2,1,../data/Structures/Insulators/PtO2_CollCode_202407.cif,0.3299966743742844,8.89519510069557,11.33006588072785,-46.16696698626063,0.5155555555555557,24,31.11111111111111,3.507998638970652,1.998629915911764,2.814947707456942
Rh2O3,1,../data/Structures/Insulators/Rh2O3_CollCode_108941.cif,0.1074513739435314,6.255539463154387,12.94444751324791,-35.26329806448565,0.5568000000000001,28,36.48,3.073918519910582,2.040895486281265,2.81866843506575
Rh7(PbO5)3,1,../data/Structures/Insulators/Pb3Rh7O15_CollCode_420582.cif,0.1916459574820827,16.58232910575169,0.4364275976059835,-35.01956371968004,0.5496000000000001,28,37.056,3.259556980296551,2.018897938114198,2.891440774204056
Sc2O3,1,../data/Structures/Insulators/Sc2O3_CollCode_169172.cif,0.06054734203573873,44.61150301640878,17.558856573535,-34.11568399731174,0.9983999999999998,76,49.92,3.494162558054843,2.119195064378316,3.093455876571232
Sm2CuO4,1,../data/Structures/Insulators/Sm2CuO4_CollCode_261377.cif,0.2021013004311041,12.87002169257495,11.38391685231962,-28.74656945636074,0.9926530612244898,64,53.87755102040816,3.91445,1.957225,2.843014426410454
Sm2O3,1,../data/Structures/Insulators/Sm2O3_FINDSYM_CollCode_261888.cif,0.1633674550032578,14.28040263969531,14.52469475782423,-30.44239468424866,1.0896,64,63.35999999999999,3.779835147420491,2.469310289708999,3.128527314818861
Sm2TiO5,1,../data/Structures/Insulators/Sm2TiO5_CollCode_195210.cif,0.1591643291114834,52.23937253844829,10.49071699622068,-36.92071788674254,1.00625,64,55.9375,3.796917999999999,1.905911262109774,2.993658490508021
SmFeO3,1,../data/Structures/Insulators/SmFeO3_CollCode_291099.cif,0.1842010707477634,20.5392266110725,14.2242832595612,-33.28702257136828,0.9311999999999999,64,47.52,3.871109472115394,2.012309498634836,2.90850212900811
SmRhO3,1,../data/Structures/Insulators/SmRhO3_CollCode_172356.cif,0.1475282648736371,7.235653953967997,12.14926492003492,-33.02215997298327,0.8231999999999999,64,49.92,3.887231328030089,2.052186679668695,2.93547028290284
SmVO3,1,../data/Structures/Insulators/SmVO3_SD_0314349.cif,0.1177985329348291,13.66692867990552,14.81508861214774,-33.35028421844214,0.9792,64,52.55999999999999,3.859490938042204,2.015252901354926,2.904785731363752
SmVO4,1,../data/Structures/Insulators/SmVO4_CollCode_152691.cif,0.9067966167826017,59.20531970170816,2.854816179097236,-49.54268936842156,0.9066666666666667,64,48.66666666666666,3.958089630743599,1.598446463574779,3.042176475043187
SnO,1,../data/Structures/Insulators/SnO_CollCode_15516.cif,0.09025072884001939,11.93131135059518,10.25203530105962,-19.54371969453442,0.74,7,36.5,3.653232664244247,2.218661199661109,2.686015819015219
SnO2,1,../data/Structures/Insulators/SnO2_CollCode_9163.cif,0.05747212945707816,32.40850484321987,11.99224759533257,-44.96798678151686,0.6577777777777777,7,32.44444444444444,3.709820421866806,2.05467210384369,2.798855532397905
Sr0.668La3.332Ni2O8,1,../data/Structures/Insulators/La167Sr33Ni100O400_CollCode_95582.cif,0.3615445092861538,14.14712688243392,14.73029750138499,-28.04920443941486,1.022057142857143,79,54.85583673469387,3.822647,2.0109268636,2.968657029151241
Sr0.66La3.34Mn4O12,1,../data/Structures/Insulators/La0.835Sr0.165MnO3_LT_CollCode_56755.cif,0.1390381997285605,14.44527231426382,-1.83178341544144,-25.93182354563057,1.02114,79,50.8848,3.891484205583633,1.96614679731053,2.929880786923809
Sr1Ti0.5Fe0.5O3,1,../data/Structures/Insulators/Sr2FeTiO6_CollCode_184373.cif,0.1877852888674294,16.39782938680274,-0.4691385797749499,-36.56072741423539,1.0188,79,50.16,3.90005,1.950025,2.757751801966594
Sr2.4La1.6Mn4O12,1,../data/Structures/Insulators/La0.4Sr0.6MnO3_HT_CollCode_236944.cif,0.1519435187628686,16.00069976423015,7.257440483103506,-35.18374871010953,1.0368,79,49.632,3.854192631700863,1.927404416362822,2.804882495309829
Sr2CrO4,1,../data/Structures/Insulators/Sr2CrO4_CollCode_245595.cif,0.3223260483150377,16.54588732174049,6.10957228012406,-31.57012097320587,1.103673469387755,79,54.04081632653061,3.8357,1.96612706,2.964638264626399
Sr2CrOsO6,1,../data/Structures/Insulators/Sr2CrOsO6_SD_1902477.cif,1.268783318270547,12.5025280199712,16.64639859713828,-39.20712385548718,0.9600000000000002,79,49.08,5.543717164502532,1.69344,2.840194295334459
Sr2FeIrO6,1,../data/Structures/Insulators/Sr2FeIrO6_CollCode_4821.cif,0.2677941707024223,11.33307624562099,-23.05567157245508,-36.64800217338285,0.9395999999999999,79,47.88,3.926901938662902,1.974585981749434,2.893223620375227
Sr2FeOsO6,1,../data/Structures/Insulators/Sr2FeOsO6_CollCode_188946.cif,0.7678998407338449,10.34010954124143,11.48080112895189,-36.21561052058788,0.9395999999999999,79,48.23999999999999,3.934448356381774,1.971261833673564,2.851710443207809
Sr2IrO4,1,../data/Structures/Insulators/Sr2IrO4_CollCode_41611.cif,0.3394919111751839,13.29445732523733,13.22307831612867,-30.95003277809915,1.015510204081633,79,54.3673469387755,3.88597602668879,2.034406006869955,3.0074061661333
Sr2La2Fe2O7.84,1,../data/Structures/Insulators/LaSrFeO4_CollCode_188895.cif,0.1869266377154532,18.96987331710972,14.18060474185032,-27.3993707496304,1.054361990043102,79,55.0101907848575,3.8709,2.00650626,2.984308207121122
Sr2MnO4,1,../data/Structures/Insulators/Sr2MnO4_CollCode_50794.cif,0.2518950759188641,17.41281100415549,4.931576952181768,-32.19408708713912,1.121632653061224,79,54.04081632653061,3.8022,1.918388,2.928177806650953
Sr2NbFeO6,1,../data/Structures/Insulators/Sr2FeNbO6_RoomT_Perovskite_CollCode_8409.cif,0.2514050931078016,20.63714316425158,37.3524945037901,-35.83303229443182,1.0116,79,50.64,3.975764546481435,1.993922015379759,2.88493911111858
Sr2SnO4,1,../data/Structures/Insulators/Sr2SnO4_CollCode_150387.cif,0.2728234640350417,32.738853617695,11.58947915152666,-30.52576339217887,1.05469387755102,79,54.04081632653061,4.054929999999999,2.0401429344,3.068035671122031
Sr2TiO4,1,../data/Structures/Insulators/Sr2TiO4_CollCode_194713.cif,0.2141214412406978,52.32684409987239,11.58338818576974,-31.62713810114532,1.123265306122449,79,57.46938775510204,3.886559999999999,1.955629,2.976378632892453
Sr2VO4,1,../data/Structures/Insulators/Sr2VO4_CollCode_71450.cif,0.2465046319184941,14.81980923898879,8.815960501347067,-31.88286014748677,1.108571428571429,79,56.32653061224489,3.837,1.940548366666667,2.950140132094834
Sr3Ir2O7,1,../data/Structures/Insulators/Sr3Ir2O7_SD_1719537.cif,0.2295430887816264,13.38435751037268,13.26335827402039,-33.1730281050892,0.967361111111111,79,52.20833333333334,3.982597848462674,1.9997413172469,2.922326048969886
Sr3WO6,1,../data/Structures/Insulators/Sr3WO6_CollCode_247338.cif,0.2341322307235208,54.77734557040812,6.223374401796821,-38.6196882800502,1.026,79,57.95999999999999,5.847206910953505,1.930128512702411,2.926170825044667
Sr3Zr2O7,1,../data/Structures/Insulators/Sr3Zr2O7_CollCode_12979.cif,0.1776260209654051,42.44218459103197,16.25401085446282,-31.94330280412696,1.136527777777778,79,58.81944444444444,4.128984692670522,2.088737989428494,3.122331001195422
Sr4.002La1.998Fe6O17.874,1,../data/Structures/Insulators/LaSr2Fe3O9_CollCode_68856.cif,0.1321936028846503,17.91290796027692,5.042384732262713,-34.7398511731707,0.9733670288479336,79,47.82561826955801,3.871266985253162,1.938430205760821,2.986787437283391
Sr8Fe8O22.45104,1,../data/Structures/Insulators/SrFeO2.8_CollCode_154931.cif,0.1345100380260346,18.06711847015571,1.969969444817323,-31.27375044643686,0.9961485826380303,79,47.37779844254047,3.901835,1.9509175,2.759013987571013
SrCeO3,1,../data/Structures/Insulators/SrCeO3_CollCode_71352.cif,0.4018363560798735,25.29036600615703,9.50471082847869,-32.51721666691428,1.1544,79,64.08,4.293745240666306,2.250293893042967,3.239013538547586
SrLaCoO4,1,../data/Structures/Insulators/LaSrCoO4_CollCode_415838.cif,0.341480355489455,13.98788406482284,12.35658879116878,-29.18750312135191,1.043265306122449,79,53.87755102040816,3.8073,1.95450004,2.934066777486983
SrLaCrO4,1,../data/Structures/Insulators/LaSrCrO4_CollCode_167421.cif,0.1823364055234666,14.45791447881466,14.50721533879581,-29.01026574719509,1.079183673469388,79,56.0,3.847,1.957387333333333,2.951245296669089
SrLaVO4,1,../data/Structures/Insulators/LaSrVO4_CollCode_80489.cif,0.1814152283763478,13.68932629030597,15.26356819634066,-28.65414836289552,1.084081632653061,79,58.28571428571428,3.8828,2.005449,2.98739791665204
SrMnO3,1,../data/Structures/Insulators/SrMnO3_Cubic_CollCode_236949.cif,0.2895457157130153,17.41470255776662,4.79849987569956,-37.48289081566959,1.0512,79,48.48,3.8041,1.90205,2.689904906311746
SrMoO4,1,../data/Structures/Insulators/SrMoO4_CollCode_193794.cif,0.2755149315226748,53.24223069633122,2.399341419532863,-51.81171427962087,0.8377777777777776,79,48.22222222222223,4.034951596131606,1.732430793769903,2.948999607322929
SrO,1,../data/Structures/Insulators/SrO_CollCode_163625.cif,0.2817144219319743,27.90771634917546,14.68353248413025,-19.50228415811965,1.245,79,64.5,3.649604371873751,2.58066,3.649604371873751
SrPrO3,1,../data/Structures/Insulators/SrPrO3_CollCode_84882.cif,0.2159233667233815,15.18189395193422,7.287515916658765,-32.49420070129605,1.152,79,63.84000000000001,4.276565630676174,2.257315466458397,3.223873646962791
SrSnO3,1,../data/Structures/Insulators/SrSnO3_CollCode_90846.cif,0.03617272911389469,32.72010801689695,10.86675790403808,-35.1073298201858,0.9527999999999999,79,48.48,4.03363745126076,2.048630837702881,3.027017597331417
SrTiO3,1,../data/Structures/Insulators/SrTiO3_CollCode_23076.cif,0.1012577311389644,52.34433960307299,11.09490760377686,-36.51438283018918,1.0536,79,53.52,3.904999999999999,1.9525,2.761251980533467
SrWO4,1,../data/Structures/Insulators/SrWO4_CollCode_291536.cif,3.121729749818401,53.67509677820561,-8.800676069193702,-43.46790125143344,0.7933333333333333,79,50.0,4.039282163949431,2.540477741942967,3.039606578691064
SrZrO3,1,../data/Structures/Insulators/SrZrO3_CollCode_173398.cif,0.1005954429116377,42.41755667040063,16.03992679437992,-34.42895256060061,1.104,79,57.12,4.100030850248248,2.092947975196591,3.08499143423418
Tb2TiO5,1,../data/Structures/Insulators/Tb2TiO5_CollCode_195212.cif,0.1912348232042452,52.17565954883852,11.44054093116002,-37.45706803557959,0.9937499999999999,58,54.6875,3.734184,1.879746014928967,3.013912543318883
TbRhO3,1,../data/Structures/Insulators/TbRhO3_CollCode_172358.cif,0.09581395693368998,7.202445802317273,12.25572635368473,-33.27741365153609,0.8135999999999999,58,48.96,3.852693295772871,2.049453141971063,2.919483646194998
TbTiO3,1,../data/Structures/Insulators/TbTiO3_SD_0545949.cif,0.1799034707760136,12.05444383182521,16.51233997038121,-33.21144604332172,0.9911999999999999,58,53.27999999999999,3.869816563324217,2.023673672454198,2.91572660156545
TiO2,1,../data/Structures/Insulators/TiO2_CollCode_33837.cif,0.1111104355632593,51.99623536116106,12.31097088869684,-47.0814937142456,0.8444444444444444,44,41.77777777777778,3.568160652563166,1.96389439396352,2.695991745091503
Tm2O3,1,../data/Structures/Insulators/Tm2O3_CollCode_78582.cif,0.0748259923843591,14.86802807080926,15.78917120196562,-32.17412249087042,1.0512,50,59.52,3.709364792599585,2.247085277209809,3.289309922002919
TmTiO3,1,../data/Structures/Insulators/TmTiO3_SD_0545945.cif,0.2265683864222596,12.02160041098617,16.99795274580724,-33.51860043218641,0.9815999999999999,50,52.32000000000001,3.835958607014092,2.005143388523126,2.889630661131185
U(FeP3)4,1,../data/Structures/Insulators/UFe4P12_CollCode_79926.cif,0.2637973382540788,12.36002454216462,20.14822264932885,-100.7217264232313,0.1868512110726641,63,15.69550173010381,3.8855,2.235576239557151,2.823718528533742
UO3,1,../data/Structures/Insulators/UO3_CollCode_23647.cif,0.09275248764401474,23.4174494299893,6.108510995802693,-61.06433523227987,0.7725000000000001,67,48.75,4.019384993623962,2.117889673107304,3.084992888635633
V2O5,1,../data/Structures/Insulators/V2O5_CollCode_59961.cif,0.1389632880917706,58.55539574896814,6.964294343498919,-57.60106697990659,0.7387755102040815,41,35.51020408163266,3.358163160564233,1.928648452939868,2.816662404207686
WO3,1,../data/Structures/Insulators/WO3_CollCode_1620.cif,0.2353247332868173,53.42178248687557,10.2500709856973,-67.5964478815763,0.405,36,36.0,3.77130164808678,1.92868127646898,2.821072245340339
Y2Ir2O7,1,../data/Structures/Insulators/Y2Ir2O7_CollCode_187534.cif,0.2808642907989241,12.96980341518222,13.34968022952277,-39.97853571278153,0.8006611570247935,75,46.04958677685951,3.572939854657506,1.983836483996114,2.82365025562549
Y3Fe5O12,1,../data/Structures/Insulators/Y3Fe5O12_CollCode_88504.cif,0.07415181735635674,20.22343240883837,12.22686085783029,-34.23818302290383,0.8825999999999998,75,42.12,3.568184567528233,1.940802270547393,3.040311616570574
YFeO3,1,../data/Structures/Insulators/YFeO3_CollCode_230817.cif,0.1178063015007119,20.4936084357843,14.02291170188292,-33.72707457578296,0.9192,75,45.6,3.824210511556537,2.018656700335979,2.88370645580071
YVO3,1,../data/Structures/Insulators/YVO3_CollCode_95577.cif,0.07596861185481513,13.61842526706528,15.02798143925447,-33.72246745379715,0.9672000000000001,75,50.64,3.809960647314295,2.008211278189525,2.877629603577375
Yb2O3,1,../data/Structures/Insulators/Yb2O3_CollCode_39179.cif,0.1468334146596179,14.66938027485328,14.40930931692454,-32.19371761815324,1.0464,48,58.08,3.703975959082921,2.246729287363004,3.283197079722685
YbO,1,../data/Structures/Insulators/YbO_CollCode_77710.cif,0.2194993222926155,8.698260289434952,15.48321714782841,-20.63923093520322,1.09,48,60.5,3.448559771846792,2.4385,3.448559771846792
ZnO,1,../data/Structures/Insulators/ZnO_Wurtzite_CollCode_34477.cif,0.05609027482056429,17.27675067694737,14.8305646652595,-23.88248621317181,0.895,18,28.0,3.2126591140881,1.983828506907932,3.212659114088099
ZnS,1,../data/Structures/Insulators/ZnS_CollCode_67453.cif,0.02497530604510012,17.99936440392364,20.9629780426437,-20.1723336806453,0.4650000000000001,19,8.5,3.830157031484914,2.344303465145479,3.830157031484914
BaVS3,2,../data/Structures/MIT_materials/HighT/BaVS3_HT_CollCode_8193.cif,0.1605439693487976,13.44529990742059,2.57389885611642,-27.69137070589196,0.6336,79,37.92,2.8084,2.396987462118232,3.383043667267547
Ca1.2La2.8Mn4O12,2,../data/Structures/MIT_materials/HighT/La0.7Ca0.3MnO3_CollCode_88398.cif,0.1294725290459626,14.91559755676484,8.843086198732404,-33.94902317244247,1.0224,80,49.128,3.866921035555774,1.962424077252871,2.906344385092636
Ca2RuO4,2,../data/Structures/MIT_materials/HighT/Ca2RuO4_HT_CollCode_94244.cif,0.2161989491586083,10.19762836903829,9.365786937033809,-31.99623454483689,0.9991836734693876,80,48.9795918367347,3.787018050194638,1.980033243057494,2.953707732618742
Ca4Mn3O10,2,../data/Structures/MIT_materials/HighT/Ca4Mn3O10_CollCode_86648.cif,0.5880325390335602,17.3265567566343,2.841627625085777,-35.25051485665711,1.067820069204152,80,45.60553633217993,3.717532204625232,1.964896559233521,2.758927982622489
CaFe4(CuO4)3,2,../data/Structures/MIT_materials/HighT/CaCu3Fe4O12_CollCode_259139.cif,0.1718993410985667,12.60183519638423,17.74524308058001,-38.07643111024163,0.8100000000000002,80,34.32,3.64846,2.322519757050937,2.741580504334826
CaFeO3,2,../data/Structures/MIT_materials/HighT/CaFeO3_HT_CollCode_92330.cif,0.1484315499816888,16.2711519616322,0.6549023837945214,-37.50379807170906,0.9719999999999999,80,42.23999999999999,3.770678973168696,1.918708024660069,2.83135356363454
Cd2Os2O7,2,../data/Structures/MIT_materials/HighT/Cd2Os2O7_RoomT_CollCode_155773.cif,0.2059114947185637,11.09549284096938,8.724150244178947,-44.34661327732683,0.6919008264462808,30,36.09917355371901,3.595860720969668,1.934394707641357,3.045249378519535
Cu(IrS2)2,2,../data/Structures/MIT_materials/HighT/CuIr2S4_HT_CollCode_75531.cif,2.103966191904814,7.864049328061065,20.48844292924497,-27.58279873892058,0.2351020408163265,28,16.16326530612245,3.481581658528204,2.367475527799179,3.484364699200791
DyCoO3,2,../data/Structures/MIT_materials/HighT/DyCoO3_CollCode_172047.cif,0.1446092073283965,13.89920076043391,12.76428674799315,-34.57929835738486,0.9071999999999999,56,44.64,3.72007151722345,1.93270882221954,2.795227338803544
DyFe4(CuO4)3,2,../data/Structures/MIT_materials/HighT/DyCu3Fe4O12_HT_CollCode_237419.cif,0.3597029033151108,16.60166260710023,7.496646130272039,-35.58173478227462,0.7968,56,35.28,3.657205,2.361266561947353,2.747438384014713
DyNiO3,2,../data/Structures/MIT_materials/HighT/DyNiO3_553K_CollCode_162114.cif,0.2197561925197956,15.91926556484369,10.40502885415973,-34.15333240391841,0.9,56,44.16,3.775734845944985,1.962510361881822,2.92910715390308
ErFe4(CuO4)3,2,../data/Structures/MIT_materials/HighT/ErCu3Fe4O12_HT_CollCode_237421.cif,0.3565271590697224,16.59950823414829,7.578987374987769,-35.60644500603038,0.7956,52,35.1,3.655205,2.360002509709517,2.746535537981823
ErNiO3,2,../data/Structures/MIT_materials/HighT/ErNiO3_653K_CollCode_191795.cif,0.2302974688176183,15.90470168348595,10.46538126140299,-34.26839057050901,0.8952,52,43.44,3.761370930234074,1.961756850978783,2.91226108103042
EuFe4(CuO4)3,2,../data/Structures/MIT_materials/HighT/EuCu3Fe4O12_HT_CollCode_237403.cif,0.1605710313091818,16.63298268832751,8.609178690970637,-35.44992766840037,0.7988999999999999,62,35.64,3.68653,2.352925086106636,2.777554001376709
EuNiO3,2,../data/Structures/MIT_materials/HighT/EuNiO3_CollCode_88039.cif,0.300669325332751,15.92892672411385,10.36362466406775,-34.01318371343831,0.9084,62,45.6,3.785324034444535,1.955233495174926,2.843460475858813
Fe3O4,2,../data/Structures/MIT_materials/HighT/Fe3O4_HT_CollCode_26410.cif,0.06849978776785319,19.95006257402531,3.736210023984296,-32.00055679023301,0.7885714285714285,32,32.32653061224489,3.341809958343217,2.015816298468532,2.968332454350326
Fe4Cu3BiO12,2,../data/Structures/MIT_materials/HighT/BiCu3Fe4O12_SD_1125255.cif,0.09020727061797752,16.66458521229081,9.390043873001193,-35.19055842600801,0.7487999999999999,32,32.64,3.7166,2.320177439294823,2.799509455487772
FeBiO3,2,../data/Structures/MIT_materials/HighT/BiFeO3_R3ch_RoomT_CollCode_230683.cif,0.3169564167475216,20.63649815398961,14.42112484688565,-33.00745771363501,0.7272,32,35.52,3.975056635473889,2.02199673857491,2.977193987301613
FeS,2,../data/Structures/MIT_materials/HighT/FeS_HT_CollCode_35008.cif,0.2933932864524367,10.1016132748887,22.92467132244116,-20.10842048081953,0.375,33,13.5,3.310122279781357,2.476739491049105,3.503519314193726
GdCoO3,2,../data/Structures/MIT_materials/HighT/GdCoO3_SD_0307184.cif,0.3733895151276255,13.92285569263039,12.25565778900512,-34.42569955333732,0.9119999999999999,60,45.6,3.742945117087483,1.952362279002825,2.815139419584626
GdFe4(CuO4)3,2,../data/Structures/MIT_materials/HighT/GdCu3Fe4O12_HT_CollCode_237417.cif,0.3352129799521839,16.61102284828911,7.531115260990568,-35.51245383125462,0.798,60,35.52,3.66592,2.362237417739202,2.754201155837754
GdNiO3,2,../data/Structures/MIT_materials/HighT/GdNiO3_CollCode_88040.cif,0.304128694268719,15.92141129607996,10.41311027771273,-34.07199618326225,0.9048,60,45.12,3.777860393276589,1.95639955838365,2.837820079948936
Hg2Ru2O7,2,../data/Structures/MIT_materials/HighT/Hg2Ru2O7_Pyro_RoomT_CollCode_420818.cif,0.3011939922570789,13.00745012083498,5.12516377827888,-44.47680690394442,0.6201652892561983,31,33.78512396694214,3.606629957247139,1.928491715010854,3.051351113626423
HoFe4(CuO4)3,2,../data/Structures/MIT_materials/HighT/HoCu3Fe4O12_HT_CollCode_237420.cif,0.3567754019022961,16.60110269684154,7.514838663258059,-35.58784689749474,0.7962,54,35.28,3.656685,2.361071004555327,2.747211877626319
K3(MoO3)10,2,../data/Structures/MIT_materials/HighT/K0.3MoO3_HT_CollCode_73509.cif,0.2735634647412449,52.70864435342111,-1.585859030433745,-57.03495346681165,0.6704164413196321,84,41.89291508923743,3.510127264831141,1.966840533489594,2.871595577818368
KV4O8,2,../data/Structures/MIT_materials/HighT/K2V8O16_HT_CollCode_100596.cif,0.2341602669975368,13.93753671408548,10.67360225253062,-40.47580606743809,0.9334911242603551,84,45.91715976331361,3.316802062289945,1.942926492807401,2.922681895995183
LaCoO3,2,../data/Structures/MIT_materials/HighT/LaCoO3_HT_CollCode_201764.cif,0.2054200499296671,14.0403814975846,11.83196556717975,-33.28354695843322,0.9359999999999999,74,48.23999999999999,3.860890863415224,1.947725797695703,2.9059349028532
LaCr4(CuO4)3,2,../data/Structures/MIT_materials/HighT/LaCu3Cr4O12_CollCode_248598.cif,0.07967130671724094,12.61227896838284,17.24000592169813,-37.0451422755947,0.8448,74,37.86,3.65814,2.340375363787655,2.745051203643214
LaFe4(CuO4)3,2,../data/Structures/MIT_materials/HighT/LaCu3Fe4O12_HT_CollCode_259141.cif,0.2105818036659379,12.66484789160534,17.05796030706836,-36.49042076365907,0.8039999999999999,74,36.18,3.707654999999999,2.365153455289398,2.785544738811516
LuFe4(CuO4)3,2,../data/Structures/MIT_materials/HighT/LuCu3Fe4O12_HT_CollCode_237424.cif,0.3799433672415105,16.59570000753079,7.398844975528144,-35.6169962010428,0.7937999999999998,46,34.98,3.651675,2.364168004868199,2.743521959836682
LuNiO3,2,../data/Structures/MIT_materials/HighT/LuNiO3_673K_CollCode_191796.cif,0.2441586241791941,15.864190277094,10.44584191545162,-34.46082801742035,0.8879999999999999,46,42.96,3.721984545981726,1.962366617857562,2.811248498268398
MgTi2O4,2,../data/Structures/MIT_materials/HighT/MgTi2O4_HT_CollCode_28324.cif,0.3401242944814249,10.96918661708149,12.78862444257534,-31.21365070073065,0.9681632653061225,44,42.93877551020408,2.996011431887402,2.1185,2.996011431887402
NaOsO3,2,../data/Structures/MIT_materials/HighT/NaOsO3_CollCode_252431.cif,0.3097380481177326,11.2994350288461,9.06661456446461,-43.55774072505966,0.8999999999999998,85,42.72,3.788818270255253,1.941229042962922,2.84254097113764
NbO2,2,../data/Structures/MIT_materials/HighT/NbO2_HT_CollCode_75198.cif,0.09538770242236819,9.11892855457111,14.78554466175928,-44.7748449520038,0.8177777777777777,40,43.55555555555556,3.747106871641106,2.041475186561833,2.873597655999154
Nd2Ir2O7,2,../data/Structures/MIT_materials/HighT/Nd2Ir2O7_CollCode_239644.cif,0.1500826630747396,13.07505583158088,12.70653968661238,-39.16393831287168,0.8191735537190084,68,48.59504132231405,3.668752823508283,2.013473585805386,2.886355263754504
NdCoO3,2,../data/Structures/MIT_materials/HighT/NdCoO3_CollCode_164822.cif,0.201866661429865,13.95514452413227,12.57996609409998,-34.0917648011188,0.9263999999999999,68,46.8,3.774625301296544,1.926641602853749,2.830586397085294
NdFe4(CuO4)3,2,../data/Structures/MIT_materials/HighT/NdCu3Fe4O12_HT_CollCode_237414.cif,0.3421564444078226,16.61957072632329,7.623952465316564,-35.45301046880711,0.8016,68,35.82,3.673915,2.360067744984808,2.760151339232507
NdNiO3,2,../data/Structures/MIT_materials/HighT/NdNiO3_HT_CollCode_67724.cif,0.3429986079941827,15.94850967186459,10.55672032452999,-33.822268110407,0.9192,68,46.32,3.804911296231158,1.942537073003213,2.85343300597865
NiSeS,2,../data/Structures/MIT_materials/HighT/NiSeS_CollCode_646374.cif,0.3184976215315468,13.5161533459285,8.891047942456183,-9.425283649305173,0.2911111111111111,28,7.555555555555557,4.111825932599774,2.424039089350665,3.060164062032344
Pr(P3Ru)4,2,../data/Structures/MIT_materials/HighT/PrRu4P12_HandGenerated.cif,0.2539277104801296,64.81615175952098,-12.34258276638579,-94.19100480726424,0.1176470588235295,66,20.92733564013841,4.006749599999999,2.349804496786948,2.881056578016966
PrCoO3,2,../data/Structures/MIT_materials/HighT/PrCoO3_CollCode_164820.cif,0.2288663727921604,14.01899911466746,11.77696027679629,-33.51296912946818,0.9288000000000001,70,47.28,3.838882058467814,1.954374588235897,2.880447737144808
PrFe4(CuO4)3,2,../data/Structures/MIT_materials/HighT/PrCu3Fe4O12_HT_CollCode_237413.cif,0.154076763880541,16.64910034294081,8.52066733818938,-35.31428624094322,0.8022,70,35.94,3.701805,2.357670249522634,2.788925682538695
PrNiO3,2,../data/Structures/MIT_materials/HighT/PrNiO3_HT_CollCode_67720.cif,0.3499369736568914,15.95467180623404,10.46084413160131,-33.7501503685794,0.9216000000000001,70,46.8,3.811116785396953,1.940486550610943,2.860378650686622
Sm(P3Ru)4,2,../data/Structures/MIT_materials/HighT/SmRu4P12_HandGenerated.cif,0.2627828095775755,64.84789684735586,-12.78643632310234,-93.8341644740083,0.1132179930795848,60,20.5121107266436,4.042457330106001,2.36242383459835,2.902709487400845
SmCoO3,2,../data/Structures/MIT_materials/HighT/SmCoO3_CollCode_230647.cif,0.1728684753368429,13.93594429608953,12.68525153429042,-34.25521757421357,0.9192,64,46.08,3.75572268950431,1.925002992259143,2.817568747177826
SmFe4(CuO4)3,2,../data/Structures/MIT_materials/HighT/SmCu3Fe4O12_HT_CollCode_237415.cif,0.3313855466697755,16.61481224485347,7.563981718543675,-35.48569293480539,0.7998000000000001,64,35.64,3.66946,2.361589126096511,2.756833529707339
SmNiO3,2,../data/Structures/MIT_materials/HighT/SmNiO3_HT_CollCode_96037.cif,0.296188213919063,15.93968142007486,10.43553780722969,-33.90735536003233,0.9119999999999999,64,45.6,3.796056064524945,1.949638950661913,2.847155367520653
Sr1.2La4.8Mn6O18,2,../data/Structures/MIT_materials/HighT/La0.8Sr0.2MnO3_HT_CollCode_152680.cif,0.1374929516527266,14.59136005033485,9.321527276927053,-33.31958545489108,1.0224,79,50.784,3.910568077267604,1.972511422441591,2.978940324240184
Sr3Fe2O7,2,../data/Structures/MIT_materials/HighT/Sr3Fe2O7_MP_18820.cif,0.2220011530721031,16.42139960101507,-0.4085272444702435,-33.5676891289995,1.039305555555556,79,50.45833333333334,3.925107243619184,1.960240127869684,2.888371357784621
TbFe4(CuO4)3,2,../data/Structures/MIT_materials/HighT/TbCu3Fe4O12_HT_CollCode_237418.cif,0.3457797948231632,16.60580851993685,7.431509855536475,-35.54296936442124,0.7973999999999999,58,35.4,3.66106,2.36564659650276,2.750851624465881
TbNiO3,2,../data/Structures/MIT_materials/HighT/TbNiO3_MP_755865.cif,0.4811441360360176,13.21274878917129,17.92468059695952,-34.21985360776119,0.9023999999999999,58,44.64,3.7839911731594,1.977082595564166,2.849210888681972
Ti2O3,2,../data/Structures/MIT_materials/HighT/Ti2O3_HT_CollCode_9656.cif,0.117316799781953,11.06847301517518,16.16980573172836,-35.04239024980568,0.9119999999999999,44,45.12,3.059207524138909,2.048208942529619,2.844354589780276
Ti3O5,2,../data/Structures/MIT_materials/HighT/Ti3O5_HT_CollCode_194464.cif,0.2537610873009603,51.74945297747149,-4.898513948778488,-39.35089115180192,0.890625,44,44.0625,3.362536723003847,2.022317752748056,2.882407018580158
Ti4O7,2,../data/Structures/MIT_materials/HighT/Ti4O7_HT_CollCode_19016.cif,0.1890762876097038,31.58645478694182,14.68437767723979,-41.04590656880878,0.8793388429752066,44,43.50413223140496,3.335421718608895,2.008507507296369,2.854371884710583
Tl2Ru2O7,2,../data/Structures/MIT_materials/HighT/Tl2Ru2O7_HT_CollCode_51158.cif,1.309385314876847,13.00173164022466,-5.624647139158788,-49.30199312885627,0.708099173553719,31,36.79338842975207,3.601471613278383,1.958494965832912,3.055825156389788
TmFe4(CuO4)3,2,../data/Structures/MIT_materials/HighT/TmCu3Fe4O12_HT_CollCode_237422.cif,0.3595702505913475,16.59890997769964,7.386537343037568,-35.58971379190418,0.795,50,35.16,3.65465,2.367203393519498,2.746490781024214
V2O3,2,../data/Structures/MIT_materials/HighT/V2O3_HT_CollCode_1872.cif,0.05437210920895564,13.14954968076189,15.30012090300271,-35.67396396008826,0.8687999999999999,41,41.76000000000001,3.389468597915057,2.018265263756581,2.874306457299193
V3O5,2,../data/Structures/MIT_materials/HighT/V3O5_HT_CollCode_32587.cif,0.2412329809435932,14.2478886904452,-7.851262176983437,-39.9596279900149,0.8484375,41,40.78125,3.329582598740539,1.993389651776298,2.839962723176676
V4O7,2,../data/Structures/MIT_materials/HighT/V4O7_HT_CollCode_2775.cif,0.2240701904789963,13.66277608496477,14.3978817960723,-42.04631399619207,0.8376859504132231,41,40.26446280991735,3.331325301184634,1.958619420459366,2.801728229348427
V5O9,2,../data/Structures/MIT_materials/HighT/V5O9_HT_CollCode_6097.cif,0.2108436379733288,14.28741310967329,0.3212686741583486,-42.90917341121207,0.8311224489795919,41,39.94897959183673,3.360292643915463,1.964968032935647,2.808655699285209
V6O11,2,../data/Structures/MIT_materials/HighT/V6O11_HT_CollCode_196.cif,0.4101938939425161,14.26465369151047,-1.565994023963579,-44.02968827493905,0.8267128027681663,41,39.73702422145328,3.342540004415377,1.967508422626637,2.809937443283124
V6O13,2,../data/Structures/MIT_materials/HighT/V6O13_HT_CollCode_15028.cif,0.1982415723391858,58.59293991783679,-12.46702007568821,-51.58965423877429,0.7821606648199446,41,37.59556786703601,3.387826050109364,1.938790757573201,2.767633451821145
V8O15,2,../data/Structures/MIT_materials/HighT/V8O15_HT_CollCode_424885.cif,0.2631799797885149,13.87518418947919,11.94068145695785,-44.76576204219067,0.82117202268431,41,39.47069943289225,3.269839893075147,1.952518297977699,2.81985006888989
VO2,2,../data/Structures/MIT_materials/HighT/VO2_HT_CollCode_1504.cif,0.1285375337671503,14.48454620736778,9.779242118562511,-47.78125743297304,0.8044444444444445,41,38.66666666666666,3.522329845429016,1.927293647133582,2.675472033531226
YCoO3,2,../data/Structures/MIT_materials/HighT/YCoO3_CollCode_155834.cif,0.1882127355214512,13.8955601348525,12.81556020998259,-34.67949033076187,0.9071999999999999,75,44.16,3.716575944185367,1.933263841489402,2.881036003394411
YFe4(CuO4)3,2,../data/Structures/MIT_materials/HighT/YCu3Fe4O12_CollCode_237749.cif,0.1886114975112792,12.80717680626599,16.60817775981503,-37.22583229302249,0.7968,75,35.16,3.65385,2.356918276381631,2.745187782795986
YNiO3,2,../data/Structures/MIT_materials/HighT/YNiO3_653K_CollCode_191794.cif,0.2310009417383912,15.89837116342857,10.39327840988674,-34.20239305754516,0.9,75,43.68,3.755161350342016,1.963600892345927,2.827539217881287
YbFe4(CuO4)3,2,../data/Structures/MIT_materials/HighT/YbCu3Fe4O12_HT_CollCode_237423.cif,0.3798382305763783,16.59733531790025,7.361180849620142,-35.6004996803336,0.7943999999999999,48,34.98,3.65319,2.365615380493765,2.744641685206142
